Name,Collection,ExternalDescription,InternalDescription
Jersey Badge,Presenting Platforms,Storm player jersey badge placement & additional marketing content,Ownership + integration into a comprehensive marketing platform Wasserman 25 - Min deal size $3.5 million
Jersey Marquee (Abdomen),Presenting Platforms,"Logo inclusion on players jerseys, practice jerseys & shooting shirts",Integration in players jerseys and practice (belly) + Shooting shirts Wasserman 25 - Min deal size $3 million
Training Facility Naming Rights,Presenting Platforms,Includes marketing & logo inclusion at Storm Center,"Building signage exterior/interior, 15th Ave W, Community Hoops, court naming rights, Stanchions at CBP + in-game marketing/promos Wasserman -24 - Min deal size $1 million"
Training Facility Partner,Presenting Platforms,Includes marketing & logo inclusion at Storm Center,"Sneaker Wall OR Strength/Conditioning, & CBP court & Stanchions & Community Hoops is $250k. Then add Storm marketing for another min $250k Wasserman - 24 - Min deal size $500k"
Free Throw Line(s),Presenting Platforms,Logo on court in both free-throw circles,Logo on court in both free-throw circles ($600k). Can build in Stats4Change on Free-throw (55k) and or Trigger. (100k) Post game free-throws on the court. Logo displayed during local games only. Ownership of post-game fan free throws (10 spots for partner) Wasserman -24 - Min deal size $650k
Court Naming Rights (Naming Rights Package),Presenting Platforms,Logo at Storm center court x2 + inclusion in all mentions of the court; will be on local games only,"Logo at center court x2 + inclusion in all mentions of the court (digital, social, print, PA, broadcast) logo display local games only Wasserman - 25 - $1,160,000. Min spend $1,000,000"
Presenting Partner Season,Presenting Platforms,Integration into all season specific promotions,"Integration into all season specific promotions (Paid - OOO, Digital, print, etc./organic content integration, email, social, etc. (need to account for anv. Years with theme game + logo inclusion Wasserman -25 - Min deal size $500k"
Walkins,Presenting Platforms,Inclusion on the Storm Walkins content,"Social (home/road - all games) posts on Twitter/IG and min 1 FB/Tik Tok). In-arena (home -22 games) and Broadcast (home- local games). Backdrop/signage. Opp to mirror fan walk-ins at CPA, which is incremental $ to this. Min deal size $250k"
Present Warm-Ups + Jacket/Shooting Shirt & Digital,Presenting Platforms,Inclusion on the Player Warm up jackets & shooting shirts,"Part of Founding or Jersey Package - Patch logo on team shooting shirts and warm up jackets + Social content, ""Tunnel Cam"" team run out + LEDs, PA Read, Video Board and one (1) social post (photo/video) home games. Wasserman- 25 - Valuation on shooting shirt was $40k and included in the jersey abdomen value"
VIP Dinning Naming Rights,Presenting Platforms,Naming rights of all cove sections across from benches,"Naming rights of all cove sections across from benches - 5 tables + group space. Chairbacks, table skirts, signage, arena spot-up, personal cove table/group cove equivalent, post-game autograph backdrop Includes season cove table for 4 + 1 parking pass. Min spend $250k"
Practice Jersey Badge + training camp (Naming Rights Package),Presenting Platforms,Inclusion on Storm Practice jersey badge & Present Training Camp,"Part of facility naming rights package - Practice jersey patch, training camp + organic social/video content during the season Wasserman -24"
Practice Jersey Abdomen,Presenting Platforms,Inclusion on Storm Practice jersey abdomen,Includes other assets to get to ~ $100K
Courtside Club Presenting Sponsor,Presenting Platforms,Inclusion on the front row chair backs during home games,"Min of 75k - could include entrance signage, front row chair backs (during locally televised home games), events, tix, etc. Most of the value is through the chairbacks Wasserman -25 - $500,000 - 2/1 value on TV visible asset applies"
Threshold/Trigger Promotion,Presenting Platforms,Inclusion in a trigger/threshold promo & all marketing,"Storm Statistic = Fans Win (i.e. Storm win = Tacos). Website content and promo page + landing page, post-game email/text/app upon activation, PA reads, Broadcast, social coverage upon activation. Can activate home and or away"
Starting Line Ups,Presenting Platforms,Inclusion in the Starting Line up content,"Social Media -(all home/away), In-arena (all home games) value. Broadcast (home/away) local"
Presenting Dance Troupe Sponsor,Presenting Platforms,Logo inclusion & mention during the Dance Troupe promotions,All home games - 22 games - Several games will have a diff group. MOE for the brand partner during performance. Logo on gear. Dance Team is a part of other in-arena moments as well
Present the DJ,Presenting Platforms,Inclusion in the DJ marketing,"Spot up pre-game + 1 spot up in the game. Signage, PA read, Video Board, LED's - could mix in in-game promos"
Milestones,Presenting Platforms,Present the Storm team milestones & inclusion in the marketing content,"Team, WNBA and individual records tracked, broken, achievements reached, etc. - Social, Broadcast & In-Arena. Season price is unit rate x est num of milestones love - 2025 assumption is 12 games min Per social post - $1,507 , Per in-arena PA with MOU -$1,500, Broadcast Feature - $600. Min $100,000 investment ot leverage this platform. Anything above 12 can be incremental games"
Celebrity Cam - In-Arena/Social/Broadcast,Presenting Platforms,"Inclusion in the Celebrity Cam content on social media, in-arena & on broadcast","Guarantee 11 in-arena. Won't happen all games but many games it happens more than 1x (2,500). Will include PA of company name, logo inclusion on VB, LED's. Min of 50% of games on broadcast ($600)and on social ($1,500). Could do product integration as well. In-Arena/Social/Broadcast 11 games anything above is incremental"
Game Ball Delivery,Presenting Platforms,Present the game ball being delivered to the refs each home game and also promoted on social media,Present the game ball being delivered to the refs each home game - in-arena only - add value by including social. Could explore broadcast for more $ pending open features/time
Presenting Fan Fest,Presenting Platforms,Inclusion on marketing assets for Fan Fest and tabling opportunity,"Five dates in 2026 that include - plaza fan fest with activities, merch, beer garden, food trucks, and basketball hoops for fans. Product integration or giveaway possible. Comms include - email, social, app, website $10k per game - see annual calendar for dates"
Presenting Partner - Playoffs,Presenting Platforms,Inclusion in all Playoff marketing material leading up to and during Storm playoff games,"Storm value is per game (similar to game sponsorship) with 50% reduction for away game. With escalator per round Reference Symetra 3rd amendment - Round 1 - 23k home/11.5k away, Semifinals -25k home, 12.5k away, Finals - 30k home/15k away"
Supporting Partner - Playoffs,Presenting Platforms,Inclusion in all Playoff marketing material leading up to and during Storm playoff games as supporting partner,"Storm value is per game (similar to game sponsorship). (Reference Symetra contract). With escalator per round. 25% reduction from presenting cost Round 1 -$17,250 home/$8,625 away, Semifinals - $18,750 home/$9,375 away, Finals -$22,500 home/$11,250 away"
Promotional Logo Rights,Presenting Platforms,Partner may use the Storm marks & logos for marketing materials. Please provide for approval,Min investment of 50k - use of marks and logos for association but no category designation at this investment level Min 50k spend to get access to marks/logos
All-Star Voting Campaign,Presenting Platforms,Inclusion in the Storm's All-Star Voting campaign marketing,"Presenting All-Star Voting campaign - heavy social with player leverage, voting push for fans over digital, in-arena and broadcast Reference WNBA rules for how partner can show up in content as W owns All-Star"
Entitlement Game Presenting Partner (Indiana),Presenting Platforms,Present the Entitlement night and receive inclusion in all marketing materials leading up to and on game night,"Own the Indiana Game - Build in extra hospitality and on-court promos, game day experiential - provide protection on mutli-year incase Fever game ends up on Opening Night for ex. Inclusion in paid digital ads At this level they are exclusive"
Entitlement Game Supporting Partner (Indiana),Presenting Platforms,Present the Entitlement night and receive inclusion in all marketing materials leading up to and on game night,Supporting designation TBD based on presenting being sold
Entitlement Game Supporting Partner (Tent Pole),Presenting Platforms,Present the Entitlement night and receive inclusion in all marketing materials leading up to and on game night,
Entitlement Game Supporting Partner (Opening Night),Presenting Platforms,Present the Entitlement night and receive inclusion in all marketing materials leading up to and on game night,
Entitlement Game Supporting Partner (Fan Appreciation),Presenting Platforms,Present the Entitlement night and receive inclusion in all marketing materials leading up to and on game night,
Entitlement Game Supporting Partner (Storm out Cancer),Presenting Platforms,Present the Entitlement night and receive inclusion in all marketing materials leading up to and on game night,
Entitlement Game Supporting Partner (Fan Appreciation),Presenting Platforms,Present the Entitlement night and receive inclusion in all marketing materials leading up to and on game night,
Entitlement Game Supporting Partner (Pride),Presenting Platforms,Present the Entitlement night and receive inclusion in all marketing materials leading up to and on game night,
Entitlement Game Supporting Partner (Kids Day),Presenting Platforms,Present the Entitlement night and receive inclusion in all marketing materials leading up to and on game night,
Entitlement Game Supporting Partner (Rivalry Night),Presenting Platforms,Present the Entitlement night and receive inclusion in all marketing materials leading up to and on game night,
Entitlement Game Supporting Partner (Toy Drive),Presenting Platforms,Present the Entitlement night and receive inclusion in all marketing materials leading up to and on game night,
Entitlement Game Supporting Partner (Theme/Impact Night),,Present the Entitlement night and receive inclusion in all marketing materials leading up to and on game night,
Entitlement Game Presenting Partner (Tent Pole),Presenting Platforms,Present the Entitlement night and receive inclusion in all marketing materials leading up to and on game night,"Sold -Opening Night, Fan Appreciation, Pride, Storm Out Cancer, Kids Day, Rivalry Night (Portland in 2026) and KFE & Toy Drive (under community). Inclusion in paid digital ads At this level they are exclusive"
Entitlement Game Presenting Partner (Opening Night),Presenting Platforms,Present the Entitlement night and receive inclusion in all marketing materials leading up to and on game night,Inclusion in paid digital ads At this level they are exclusive
Entitlement Game Presenting Partner (Fan Appreciation),Presenting Platforms,Present the Entitlement night and receive inclusion in all marketing materials leading up to and on game night,Inclusion in paid digital ads At this level they are exclusive
Entitlement Game Presenting Partner (Storm out Cancer),Presenting Platforms,Present the Entitlement night and receive inclusion in all marketing materials leading up to and on game night,Inclusion in paid digital ads At this level they are exclusive
Entitlement Game Presenting Partner (Fan Appreciation),Presenting Platforms,Present the Entitlement night and receive inclusion in all marketing materials leading up to and on game night,Inclusion in paid digital ads At this level they are exclusive
Entitlement Game Presenting Partner (Pride),Presenting Platforms,Present the Entitlement night and receive inclusion in all marketing materials leading up to and on game night,Inclusion in paid digital ads At this level they are exclusive
Entitlement Game Presenting Partner (Kids Day),Presenting Platforms,Present the Entitlement night and receive inclusion in all marketing materials leading up to and on game night,Inclusion in paid digital ads At this level they are exclusive
Entitlement Game Presenting Partner (Rivalry Night),Presenting Platforms,Present the Entitlement night and receive inclusion in all marketing materials leading up to and on game night,Inclusion in paid digital ads At this level they are exclusive
Entitlement Game Presenting Partner (Toy Drive),Presenting Platforms,Present the Entitlement night and receive inclusion in all marketing materials leading up to and on game night,Inclusion in paid digital ads At this level they are exclusive
Entitlement Game Presenting Partner ( Theme/Impact Night),Presenting Platforms,Present the Entitlement night and receive inclusion in all marketing materials leading up to and on game night,"AANHPI, Native American, Black Excellence, Inclusion Night, Back to School. Inclusion in paid digital ads At this level they are exclusive"
Entitlement Game Supporting Partner (Tent Pole Tier 1),Presenting Platforms,Present the Entitlement night and receive inclusion in all marketing materials leading up to and on game night,"Supporting designation - Less prominent designation and not included in any external paid ads In the case of Storm Out Cancer, K4E, and Toy Drive Storm require donations"
Entitlement Game Supporting Partner (Impact/Theme Night Tier 2),Presenting Platforms,Present the Entitlement night and receive inclusion in all marketing materials leading up to and on game night,Supporting designation - Less prominent designation and not included in any external paid ads In the case for Unified Storm require donation
Contest Promotion - Extended,Presenting Platforms,Inclusion in contest marketing assets,"Contest that is not a Sweepstakes; can be totally customized with quantities & concept. Longer period - 4+ week could be season long. Add in Broadcast, website (contest and promotion and landing page), email, social, in-arena PA Min $100,000 investment t o have a season long promo/contest"
Contest/Sweepstakes - Standard 7-10 days,Presenting Platforms,Inclusion in promotional contest (sweepstakes) marketing assets,"1-2 week promo period. 2 emails, 2 social posts (launch/reminder post on all platforms), paid social, web presence, landing page, 1 PA/Broadcast read, prizes- seats, auto merch, etc. Min $500 paid promotion + prizes. Off-season contest open too"
Bar League Partner,Presenting Platforms,Inclusion in marketing materials around the Bar League,"Email, social posts, broadcast read, webpage Could + up with hosting a fan event at a bar. If this is a bar/resturant - add in the cost of bar leugue membership"
Summer Reading Program,Community Programs,Present the Storm's Summer Reading Program and be included in marketing materials and other elements like Storm player appearance & complimentary tickets for the program,"Present the program -KCLS + others. Marketing includes - email, social content, website, Storm player apperance, comp tickets on behalf Build with CSI team - TBD donation to non-profit partner - Min of $10,000 - built into investment"
Kicks for Equality/Sneakerball Presenting,Community Programs,Presenting Kicks for Equality & Present Sneakerball; inclusion in all marketing inclusion + 2 tables of 8 and all the K4E marketing - Donation goes to Storm Foundation for give back campaign,"Presenting K4E + Present Sneakerball - all marketing inclusion + 2 tables of 8 and all the K4E marketing - Donation goes to Storm Foundation for give back campaign Partner must commit $25,000 donation to Storm Foundation for the Give Back Fund in addition to Storm investment. All in 85k with donation"
Kicks for Equality Supporting,Community Programs,Supporting Kicks for Equality; inclusion in the marketing assets,"Co-supporting the campaign, auction, player shoe content, check presentation Wasserman valuation of supporting was $40k in 2025. Partner must commit $25,000 donation to Storm Foundation for- Give Back Fund in addition to Storm investment. All in $65,000"
Stats for Change,Community Programs,Present a Storm stat through the Stats for Change platform,"Storm team stats = donation. Website content and promo page + landing page, game day email, PA read, Broadcast, social coverage, check presentation. Activate home and away. Assists, Rebounds, 3Pts, Free-Throws. Blocks & Steals Wasserman -25 was $55k. Including donation to the foundation for the Give Back Fund. All in $70,000. Partner must commit $15,000 donation"
Toy Drive - Seattle Children's - Presenting,Community Programs,"Present the Toy Drive benefiting Seattle Children's; inclusion in all marketing during the game, fundraising and toy drop off. Includes a donation of $10,000 to Seattle Children's by Partner","Present game + campaign - promoted on digital, arena, and TV - toy drive + fundraiser + toy drop. Donation min of $10,000 back to Children's. All in $60k with 10k donation"
Storm Academy Presenting,Community Programs,Present the StormAcademy program and receive two (2) dedicated sessions,"25-30 high school female athletes, educational focus, player appearance, video recap, tickets for all to BIW night with on-court moment - 2 dedicated sessions. $15,000 per dedicated session and the rest is inclusion in all marketing Includes $5,000 donation to Storm Foundation Give Back Fund"
Storm Academy - Supporting,Community Programs,Support the StormAcademy program and receive one (1) dedicated session,"25-30 high school female athletes, educational focus, player appearance, video recap, tickets for all to BIW night with on-court moment - 1 dedicated sessions Includes $2,500 donation to Storm Foundation Give Back Fund"
Line Em Up - Bball courts,Community Programs,"Official Partner of Line 'Em Up; marketing includes press release, co-branded marketing in all comms, event activation on site, and clinic. Campaign to paint the WNBA 3Pt lines on outdoor courts","Official Partner of Line 'Em Up. Press Release, Co-branded marketing in all comms, event activation on site, clinic. Run through the foundation - painting WNBA 3Pt lines on outdoor courts. 6 total courts. 2 courts per year. This $75,000 includes $25,000 of hard costs for the court. So it's priced at $50k per court."
Toy Drive - Seattle Children's - Supporting,Community Programs,"Support the Toy Drive benefiting Seattle Children's; inclusion in all marketing during the game, fundraising and toy drop off. Includes a donation of $5,000 to Seattle Children's by Partner","2-4 week campaign - promoted on digital, arena and TV - Supporting of theme game toy drive + fundraiser. Partner to make added donation of 5k Donation min of $5,000 back to Children's. All in $35k with 5k donation."
Jr. Storm Hoops Academy Presenting,Community Programs,"Integration into all marketing of the program including game-day, email, social, digital signage at the Center during events. Opportunity to give out swag, etc. + a dedicated Jr. Storm clinic for stakeholders","Integration into all marketing of the program including game-day, email, social, digital signage at the Center during events. Opp to give out swag, etc. + a dedicated Jr. Storm clinic for stakeholders"
Jr. Storm Hoops Academy - Supporting Partner,Community Programs,"Integration into all marketing of the program including game-day, email, social, digital signage at the Center during events. Opportunity to give out swag, etc","Integration into all marketing of the program including game-day, email, social, digital signage at the Center during events. Opp to give out swag, etc"
Jr. Storm community Hoops Clinics,Community Programs,"Clinic for up to 50 kids, 1 hr clinic. Inclusion in social event recap. Youth receive basketballs, t-shirts & tickets","Up to 50 kids, 1 hour clinic. 50 tickets valued at $50 per seat + social event recap with tag. Includes basketballs and T-shirts for kids $15k gets partners exclusive clinic"
Special Olympics Clinics,Community Programs,5 clinics + 1 coaches session,"4 clinics + 1 coaches sessions - room for 4 supporting partners $5,000 per event must do all 5. Donation back to Special Olympics All in $30k with donation"
Jr. Storm Coaches Clinic,Community Programs,"Community Coaches Clinic, Youth Coaches, 3-4-hours of curriculum, Q&A and Storm coach involvement","Community Coaches Clinic, Youth Coaches, 3-4-hours of curriculum, Q&A, Storm coach involvement. Max of 40 coaches $15k gets partners exclusive clinic"
Jr. Storm Hoops Academy - Private,Community Programs,"50 people/youth; participants receive tickets, t-shirts & basketballs","50 people/youth - buy out for private clinic with Ashley and team for staff, clients. 60-90 min. Comes with 50 tickets to a future game, T-shirts and Basketballs $15k gets partners exclusive clinic"
Small Business Campaign,Community Programs,"Tie in with Heritage months, honoring small businesses that align, honor them at the games during the season","Tie in with Heritage months, honoring small businesses that align, honor them at the games during the season - see CSI to build this out Build this out with CSI team"
STH Party - Present,Community Programs,Present the annual season ticket holder party with players and all members invited. Inclusion in the pre-promotion & on-site opportunity,Annual season party with players and all members invited. Pre-promotion + On site
VIP Member Party - Present,Community Programs,Present the annual VIP season party with players and all members invited. Inclusion in the pre-promotion & on-site opportunity,Typically 200+ People - Courtside Ticket Holders
Corporate Partner Summit/Mini-Camp,Community Programs,"Inclusion/mention on all marketing, opportunity to speak at event + 4 invitations","Inclusion/mention on all marketing, opportunity to speak at event + 4 invitations"
Player Appearances,Community Programs,(1) hr appearance,Starting 5 or head coach (1 hour) Min 100k partner spend
Player Appearances B List,Community Programs,(1) hr appearance,"Bench Players, Asst. Min $50,000 spend"
Executive Appearances,Community Programs,(1) hr appearance,GM/President/Owners (1 hour)
Mascot Appearances,Community Programs,(1) hr appearance,"1 hour appearance. Doppler is paid for min of 3 hour Pay Dopps $75 per hour, $225 is the min"
Plaza Display (Outside) - Fan Fest,Game Day Promotions,Tabling opportunity at Fan Fest on the outdoor plaza,"6 per game - Reference Fan Fest Dates This would be to be included in one of the fan fest dates - inclusion in game-day email, prime location and other pre-event marketing TBD"
Plaza Display (Outside),Game Day Promotions,Tabling opportunity on the outdoor plaza,Table/Display outside of CPA based at either East or West doors
Concourse Display (Inside),Game Day Promotions,Tabling opportunity on the concourse inside,6 per game
Present a Half-Time,Game Day Promotions,"Inclusion in the PA, videoboard, on-court entertainment","PA, Video board, on-court entertainment"
On Court Promotion :90,Game Day Promotions,Mutually agreed upon promotion or contest; inclusion in PA & LED branding,"Shooting contest, etc. min. 75k investment. High value then in-arena promo"
Timeouts in Arena Promo :60,Game Day Promotions,Mutually agreed upon promotion; inclusion in PA & LED branding,"e.g. Lucky Row Promotion, Fan Cam, etc. (No on court activation) min. Promo is closer to :60. 75K investment"
T-shirt Toss,Game Day Promotions,During the 4th quarter; inclusion in PA & LED branding,Every game - 4th quarter hype moment on-court/in-arena - Logo on T
Pre-game T-toss,Game Day Promotions,During the pre-game hype moment,Happens when 1:30 on pre-game clock before intros
Pre-Game Presentation,Game Day Promotions,Inclusion in PA & LED branding; receive reps on the court opportunity,Audio accompanied w/PA + LED's with reps on the court - holding a few back for Storm use
Pre-Game Feature,,"Pre-game moment with PA read, LEDs and special moment","Pre-game moment with PA read, LEDs and special moment. Ex: Honorary Captains, Honorary Coach moments, Starting Line-ups"
Pre-Game Video Block,Game Day Promotions,:30 Commercial on videoboard with videoboard & LED graphics,:30 Commercial on videoboard - 6 videos per game
PA Read - Pre-Game,Game Day Promotions,:15-30 PA read with videoboard & LED graphics,:15-30 Read with Videoboard Graphic
Halftime Video Block,Game Day Promotions,:15-:30 Commercial on videoboard with videoboard & LED graphics,:30 Commercial on Storm Vision - must be :30 or less. 2 min block. 3 per game
PA Read - Halftime,Game Day Promotions,:15-30 PA read with videoboard & LED graphics,:15-30 Read with Videoboard Graphic. 3 per game.
Halftime/First half highlights,Game Day Promotions,Inclusion in PA & LED branding,Video highlights of first half
Videoboard Feature - plug existing Storm show,Game Day Promotions,Inclusion in PA & LED branding,"Tag + logo inclusion in existing element of game presentation (re: coaches challenge, Celebration Scroll, - season long. PA read, LED's, Videoboard"
Score Update,Game Day Promotions,"Logo inclusion on videoboard, PA read with partner name; once a quarter","Logo inclusion on videoboard, PA read with partner name - one per quarter, very short read"
Replay Swipe - see presenting platforms,Game Day Promotions,Logo + inclusion in replay swipe during 1 quarter,Logo + inclusion in replay swipe. 1-4 per quarter. (Combo with broadcast as well)
PA Read - Post-Game,Game Day Promotions,:10-:15 PA read with videoboard & LED graphics,:10-:15 Read with Videoboard Graphic
PA Read - In Game,,For situtaional promo / trigger promotion,Used for situational promotions like triggers
Exit Samples,Game Day Promotions,"Minimum of 5,000 items for egress","1 item per game. Min 5,000 and partner pays for item Sponsor to cover"
Fan Giveaways,Game Day Promotions,"Minimum of 5,000 items with pre-promotoin","TBD on promo item. Min of 5,000. Typically tied to game sponsorship. Pre-promotion to include; min 1x of each - email, social, paid digital, website, broadcast Sponsor to cover"
Court Naming Rights,Signage,Logo on the Storm Court at CPA; (2) locations,"Logo on both sides of Center Court at CPA - TV visible during locally televised home games Wasserman - 25 - $1,160,000. Min spend $1,000,000"
Baseline Court Apron A,Signage,Logo on half of each baseline during home games; one is closest to Storm team bench. The other logo is kitty-corner (furthest from the Visiting team bench),"Logo on half of each baseline; one is closest to Storm team bench. The other logo is kitty-corner (furthest from the Visiting team bench) - TV visible during locally televised home games Wasserman - 25 - $1,340,000 (with 2 TV visable spots) - Split location with New Baseline Apron cuts value. Min spend $500k. Math is 25 value divided by 2, then divided by 2 again to give 1 location value then divded that by 14 and you get $23,928. Multiple that by 12 to get the Apron value on the TV visable side, then add 1/2 of new basline location value"
Baseline Court Apron B,Signage,Logo on half of each baseline during home games; one is closest to Visiting team bench. The other logo is kitty-corner (furthest from the Storm team bench,Logo on half of each baseline; one is closest to Visiting team bench. The other logo is kitty-corner (furthest from the Storm team bench - TV visible during locally televised home games Wasserman -22 was 195.5k. With assumed growth 2025 would be at least 250k.
Free Thow Line,Signage,Logo on the free-throw line; (2) locations,"Logo on the free-throw line - TV visible during locally televised home games Est $1,200,000 based on Wasserman 25 value of Court Naming Rights and Apron. Min Spend $1,000,000"
Team Bench Court Apron,Signage,Logo on sideline near team benches; (2) locations,"Logo on sideline near team benches - TV visible during locally televised home games Wasserman - 25. $1,400,000. Min spend $500k"
Combo - Courtside LED + Arena LED + Voms,Signage,"Courtside, stanchion, arena ribbon & Vom LEDs for a MOE during in-game play","Two (2) :60 increments. One (1) per half. Moment of exclusivity on LED's - sold season long, units in total minutes for one game. Hold min of 4 min for marketing Wasserman -25 - $236k. Rate is average of 4 partners with 2:1"
Basket Stanchion - Arm Pads,Signage,"Logo on all 6 sides of arm pad sign - left/right/bottom, total of (6) logos","2 Hoops - Padding right behind the backboard - logo on all 6 sides of sign - left/right/bottom - TV visible during locally televised home games Wasserman - 25 - $1,030,000"
Basket Stanchion - Front Top,Signage,(2) logos on the top of the basket padding near the court; (1) on each hoop,"2 - Hoops - Located on the top of the basket padding near the court - TV visible during locally televised home games Assumed $200,000 value"
Basket Stanchion - Front Middle Top,Signage,(2) logos on the upper middle basket padding near the court; (1) on each hoop,"2 - Hoops - Located on the upper middle basket padding near the court - TV visible during locally televised home games Wasserman - 24 - $286,000 (high end)"
Basket Stanchion - Front Middle lower Pad,Signage,(2) logos on the middle basket padding near the court; (1) on each hoop,"2 - Hoops - Located on the middle basket padding near the court - TV visible during locally televised home games Wasserman - 24 - $286,000 (high end)"
Basket Stanchion - Front Lower Pad,Signage,(2) logos on the lower basket padding near the court; (1) on each hoop,"2- Hoops - Located on the lower basket padding near the court - TV visible during locally televised home games Wasserman - 24 - $286,000 (high end)"
Basket Stanchion - Side Pad Middle,Signage,(4) logos on the sides of the lower stanchion pads; (2) on each hoop,"Located on the sides of the lower stanchion pads - has to be all same partner - TV visible during locally televised home games Wasserman - 24 - $286,000 (high end)"
Basket Stanchion - Side Pad Bottom,Signage,(4) logos on the bottom pad around the backboard; (2) on each hoop,"Located on the bottom pad around the backboard - strictly TV visible with organic media/social amplification. Has to be all the same partner - TV visible during locally televised home games Wasserman - 24 - $200,000 (high end)"
Backboard Pad - Top of Hoop,Signage,Logo inclusion on both hoops,Top pad of backboard - TV visible during locally televised home games Need 3rd party valuation
Backboard Pad - Bottom of Hoop,Signage,Logo inclusion on both hoops,Bottom pad of backboard - TV visible during locally televised home games Need 3rd party valuation
Courtside Chairbacks- Team Benches + Front row,Signage,Inclusion on the chairback slip covers on the seats,"Temporary covers with company logo on front ( - + back). This is packaged with presenting the Courtside VP experience under presenting platforms. - TV visible during locally televised home games Wasserman - 25 - $500,000"
Courtside LED,Signage,Courtside & stanchion LED during in-game play,Two (2) :60 increments. One (1) per half - units in total minutes for one game - TV visible during locally televised home games Wasserman - 25 (average of 4 partners was $188k)
Kick Plates,Signage,Inclusion on the kick plates located at the bottom of chair on each team bench,Located at the bottom of chair on each team bench - TV visible during locally televised home games Need 3rd party valuation
TV Media Backdrop (Live TV only),Signage,Cobranded backdrop,Part of Presenting Partner of broadcast 24 Wasserman Valuation (all road games) was $40k
Press Back Drop - CBP,Signage,Cobranded backdropin the Storm Center press room & on the one for post practice media player interviews,"Press room and post practice for media player interviews Wasserman -25- $7,000 (BECU)"
Press Conference Back Drop - CPA,Signage,Cobranded backdrop,"Post-game press conference, Stormbasketball.com, YouTube - Post-game press conference presented by Wasserman -25 - $40,000 (Prov/Swedish). This is up during all regular season home and away games. Min investment to have this asset is $250k"
Arena LED Signage + Voms,Signage,Arena ribbon & Vom LEDs during in-game play,Two (2) :60 increments. One (1) per half - All three (3) ribbons + All Voms - units in total minutes for one game 25 Wasserman Valuation (average of 4 partners was 50k)
Banner Ad,Digital - Website,Rotates with other partners on all pages on StormBasketball.com,"Rotates with other partners on all pages (Desktop and Mobile) - Price based on impressions for season (min average in 2023 was 200,000) Wasserman -25"
Home Page Content Sponsor,Digital - Website,Inclusion on a Storm home page on StormBasketball.com,"Photo Galleries, Video Galleries, News, Membership, etc. Can also include the app when relevant 24 - Wasserman Valuation"
Website: Subpage inclusion,Digital - Website,Inclusion on a Storm landing page on StormBasketball.com,"Contest & Promo page, Roster page, schedule page, etc."
Partner Landing Page,Digital - Website,Inclusion on a landing page on StormBasketball.com,"Supporting campaign, fundraiser, community event, content page, etc."
Top Story Web inclusion,Digital - Website,Supports an announcement,Supports an announcement (theme game/event)
Video Pre-roll on the website,Digital - Website,:05-:10 sec video that runs before Storm video content on StormBasketball.com,:05-:10 sec video that runs before Storm video content; rotates with other partners
Email to full database,Digital - Email,,"Email sent to entire base - promo/offer (100,000+)"
Game Day Emails,Digital - Email,"Inclusion in email with short description, logo & link","Inclusion in email with short description, logo & link (6,000) 50%+ open rate - no current limit on what we can include b/c the template doesn't have a limit. Trying to limit to 4 partners per game Wasserman - 25 - has these under $100 per"
Post game email,Digital - Email,Email offer to game attendees,Email offer to game attendees
Email Season Ticket Holder List,Digital - Email,Email to STH,"Storm Members only (5,000) 75%+ open rate. Get sign off on the offer before pitching"
Text Message,Digital - Text,To promote campaign,"6,000+ people - News/Highlights/Ticket pushes/Watch Parties/Sweepstake - Check with marketing on other distro"
Digital Roster Card Inclusion,Digital -Website,Digital logo inclusion on roster card on website,"Digital logo inclusion on roster card on website, included in game day app push notification as well. 2025 total impressions was 12,000"
Title Sponsor of App,Digital - App,"Logo on log-in/home screen, banner ad, bounce back offer & reward store integration","Impressions in - 2025 860k (May-Sept). 16.3k total users. Ave use time. 15 min. Logo on log-in/home screen, banner ad, bounce back offer, reward store integration. Promoted through - TV, In-game, website, digital, etc. - $20,000 which is slightly over $20 New app launched just before 2025 season"
Banner Ad,Digital - App,Rotating banner ad on the app,Rotating when logged in to app - Total impressions 860k/4 = per banner. Assumption of 4 partners only
App Campaign Integration,Digital - App,Dedicated micro-site on the app,"Dedicated micro-site on the app - Holiday, Sched release, All-Star, End of Season, KFE, Custom content work with marketing add on to campaign"
Content integration within app,Digital - App,Ownership of a section on the app,Ownership of news or other integration (tie in with website) Shows up on Website as Home Page Content Sponsor
Push Notifications,Digital - App,Included in push notifications on the app for a campaign,"Included in Game Alerts (Theme Partner), Special Offers (Sweeps/contest), For custom content work with marketing - noting 2025 was a 9% open rate - Average push was 14,000 people"
Facebook Post,Digital - Social Media,,"Rate is $15-$20 CPM - Integrate including player/game day content ($15), Co-created/custom content ($20). Avg. IPP - 29,109"
Twitter Post,Digital - Social Media,,"Rate is $15-$20 CPM - Integrate including player/game day content ($15), Co-created/custom content ($20). Avg. IPP - 20,503 Integrate = reoccurring content, game day and game related player content that is pre-planned/on-going"
Instagram Feed/Reels/Story,Digital - Social Media,,"Rate is $15-$20 CPM - Integrate including player/game day content ($15) • Feed (not including reels): 83,952 • Reel: 33,679 • Story: 8225 - average of the 3 is 50,884 Co-create = New content that is developed for partner"
Tik Tok Post,Digital - Social Media,,"Rate is $15-$20 CPM - Integrate including player/game day content ($15), Co-created/custom content ($20). Avg. IPP - 93301"
LinkedIn Post,Digital - Social Media,,"Rate is $15-$20 CPM - Integrate including player/game day content ($15), Co-created/custom content ($20). Avg. IPP - 5,602 LinkedIn used for a partner announcement or community work"
Facebook/Insta/Twitter Combo,Digital - Social Media,Post on all 3 platforms,"Post on all 3 platforms - IPP -78,832/1,000 X CPM"
Facebook/Insta/Twitter/Tok Combo,Digital - Social Media,Post on all 4 platforms,"Post on all 4 platforms - IPP - 155,123/1,000 XCPM"
Game Highlights - Video,Digital - Social Media,"On a win only, FB, X (Twitter), IG","On a win only - website, Facebook, Twitter, Instagram. 8,769 IPP (assumed min of 20 wins) - sold season long Integrate content price"
Game Day Graphics - Graphic/Photo,Digital - Social Media,"Inclusion on the game day graphics: morning of the game, score at halftime & final score","Game Preview (2), Morning of game (4), Score at half (4) and final (4). Presenting Sponsor benefit. Twitter/Facebook/Instagram 16,790 IPP. (40) - sold as a benefit for presenting sponsor, unit is one game. Min 3 posts Integrate content price"
Slow-Mo Cam - Video,Digital - Social Media,Logo on slow-mo replay video,"Home/away games only - Facebook, Twitter, Instagram. Logo on slow mo replay video. 67,286 IPP. Sold on per game basis (10 games max) Integrate content price, based on 2024 data since we didn't execute in 2025"
First half frames - Photos,Digital - Social Media,"Home/away games - Facebook, Twitter, Instagram","Home/away games only- Facebook, Twitter, Instagram."
Photos of the Game - Photo,Digital - Social Media,"Home/away games - Facebook, Twitter, Instagram","Home/away games only- Facebook, Twitter, Instagram. 17,820 IPP (Home)) - sold season long Integrate content price"
Game day Kicks - Photo,Digital - Social Media,"Home/away games - Facebook, Twitter, Instagram","Home/Road - Facebook, Twitter, Instagram. Assume 50,693 IPP. Integrate content price, based on 2024 since we didn't do regularly in 2025"
Game/Player/Stat Highlight -video,Digital - Social Media,"In-game or post-game post. Home and away (if on TV), posted on Facebook, Twitter, Instagram","In-game or post-game - Home and away if on tv - Facebook, Twitter, Instagram. 63,570 IPP. (44 games) - Sold on per game basis (min of 5/20 games max). Performs better on a win. Can combine with Broadcast Integrate content price"
This Week in Storm Basketball,Digital - Social Media,"Present this weekly feature in season - Facebook, Twitter, Instagram. Upcoming match ups other news","Present this weekly feature in season - Facebook, Twitter, Instagram. Upcoming match ups other news. Sold season long. 21,183 IPP and total posts depends on season length. Min of X weeks Integrate content price"
Overseas Update,Digital - Social Media,"Present the off-season following players who are playing overseas and their highlights, stats and accomplishments","Present the off-season following players who are playing overseas and their highlights, stats and accomplishments. 68,545 IPP and work with marketing team on total posts Integrate content price"
Players of the game/Stat Graphic- Photo/Graphic,Digital - Social Media,"Home and away - Facebook, Twitter, Instagram","Home and away - Facebook, Twitter, Instagram. 55,326 IPP (44 games) Integrate content price"
Milestones - Players/team accolades,Digital - Social Media,"Posts on records broken, achievements reached - Instagram, Facebook, Twitter","See Milestones in presenting platforms. Posts on records broken, achievements reached - Instagram, Facebook, Twitter. Check with marketing team on total posts. IPP 36,917. see presenting platform as this has in-arena and broadcast elements as well Integrate content price"
YouTube - Playlist Sponsor - Present YouTube Channel,Digital - Social Media,"Inclusion on content like press conference, long form content (Player stories)","Press conference, Long form content - Player Stories. Total impressions 3,739,000/15,200 hours watched. 78% yoy growth. Page/Channel views 356,000. Logo on thumb nail. Opp to run :5-:15 max video ad in Storm edited videos. Integration into custom/existing long form content Youtube - 2,720 2025 Highlights - 1,293 Press Conferences - 1,928"
Marquee Video - Partnership Launch video,Digital - Social Media,Full production video,Full Production- resembles high quality promotional spot (Lead Her forward video/Sound Transit). Can include player/coach integration. Min $500k investment Units = Individual videos
Brand Integrated Video - Social - Player/Doppler,Digital - Social Media,Short fun promo video,"Short fun promo video to be used on social (player inclusion needs to be over $100,000 spend on total partnership). Max is 5 per partner. Price is inclusive of social post across Insta/Facebook/Twitter Units = Individual videos. Example is SOS video, Starbucks, BECU, Xfinity Social videos need to have specific platform included. TW is shorter (<06 sec), Facebook is longer (>1 min), IG is mid. And size specs are different."
Brand integrated Video add-on (Video Board/Broadcast),Digital - Social Media,,This is an entirely new edit. The only difference is that we have to edit the footage...and editing takes longer than shooting the content.
Brand Integrated Video - Videoboard/Broadcast,Digital - Social Media,Video for both in-arena videoboard and broadcast,"Can be both in-arena and broadcast or just 1 of them - :15, :30, :45, :60. Max is 1-2 per partner. Player inclusion +$100k spend Units = Individual videos."
Brand integrated Video add-on (Social),Digital - Social Media,,"Videoboard/Broadcast spot edited for social Social videos need to have specific platform included. TW is shorter (<06 sec), Facebook is longer (>1 min), IG is mid. And size specs are different."
In-arena player intro,Digital - Social Media,Player to film an intro video for in-arena promotion,:06 intro/teaser from player - Carter T-shirt toss example. typically filmed at media day. This price needs to be added on to the promo price and total deal value needs to be over $100k. Check with Marketing/3PT to confirm makes sense Units = Individual videos. Depends on game inventory and promo plans. Some videos will rollover game-to-game. EX -T-Shirt toss
Video Recap,Digital - Social Media,Video recap content for a campaign/event,Community Event recap - preferred to pitch photo recap
Photo recap for social,Digital - Social Media,Photo recap content for a campaign/event,"Typically included already in Clinic, Storm Academy and other signature events. New events or showcasing work together would be in addition to the cost of the event - includes content capture - then add on social post cost"
Social Ad,Digital - Social Media,"Ads for cobranded content for promotion/campaign. If the content has opposing players, Partner logo can't be included","Ads for cobranded content for promotion/campaign. If the content has opposing players, Partner logo can't be included"
Broadcast Presenting Sponsor,Broadcast,"Inclusion in a cobrnaded backdrop (home only), score bug, spots, billboards (open/close +halftime) and a mutually agreed upon feature","Backdrop (home only), score bug, spots, billboards (open/close +halftime) and a mutually agreed upon feature (backdrop/score bug 30 games) Wasserman Valuation - 23 was 182k"
Virtual On-Court logo placement - Home,Broadcast,Two (2) virtual logo placements on both sides of court during a single quarter during locally televised home games. The spot is between the key and 3-pt arch.,"Two (2) virtual logo placements on both sides of court during Home games. Between the key and 3-pt arch. Visible during all locally televised home games. 4 spots per game so you get a dedicated quarter Wasserman - 25 - $330,000 (home only) so $660,000 for home & away. Price listed is for home only. This asset is sold at 3/1 ME value. Costs 2.5k per game to activate or around $75,000k for the season"
Virtual On-Court logo placement - Away,Broadcast,Two (2) virtual logo placements on both sides of court during a single quarter during locally televised away games. The spot is between the key and 3-pt arch.,"Two (2) virtual logo placements on both sides of court during Away games. Between the key and 3-pt arch. Visible during all locally televised road games. 4 spots per game so you get a dedicated quarter Wasserman - 25 - $330,000 (road only) so $660,000 for home & away. Price listed is for road only. This asset is sold at 3/1 ME value. Costs 2.5k per game to activate or around $75,000k for the season"
Virtual On-Court logo placement - Home & Away,Broadcast,Two (2) virtual logo placements on both sides of court during a single quarter during locally televisedhome & away games. The spot is between the key and 3-pt arch.,Two (2) virtual logo placements on both sides of court during Home & Away games. Between the key and 3-pt arch. Visible during all locally televised road games. 4 spots per game so you get a dedicated quarter
Halftime Show - Presenting,Broadcast,Inclusion in the open and close billboards and a feature,"Billboards - open and close, feature, logo exposure Wasserman 25 - $5,000"
Halftime Coach interview,Broadcast,"""Walk-off"" Interview with Coach right at halftime","""Walk-off"" Interview with coach right at half"
In-Game Spot,Broadcast,Broadcast spot during Storm locally televised games,"58 spots per game x 30 games. Units sold, includes 4 per game for W and 4 per game for Storm. Hold min 29 SPOTS for broadcast partner. Sold on a season long basis Wasserman 25 - Average of 4 partners was $1,712 per spot per game. Sell this as # of spots and not # of games due to WNBA taking games"
Pre-game spot,Broadcast,Broadcast spot during the pre-game show,KOMO pre-game show
Feature Sponsor - Season Long (Home Only),Broadcast,Feature on the broadcast during home games,"Starting Line-ups, player of the game, halftime stats, Keys to the Game, Stats for youth, Road to Recovery etc. (30 games). can combine with Social Game/Player/Stat Highlight. Sold as season long"
Feature Sponsor - Season Long (Home + Away),,Feature on the broadcast during home & away games,"Starting Line-ups, player of the game, halftime stats, Keys to the Game, Stats for youth, Road to Recovery etc. (30 games). can combine with Social Game/Player/Stat Highlight. Sold as season long"
Feature - Halftime,,Halftime feature on the broadcast,
Feature - single game,Broadcast,Feature on the broadcast,"Take it to the Bank, Trivia, Commission Cup, All-Star (check w/production team)"
End of Quarter Score,Broadcast,Score update with logo inclusion & mention,Score update with logo & mention (30 games)
Billboards - opening and closing,Broadcast,Opening & closing billboards,"4 per game, 8 total (1 saved for Presenting Sponsors) (30 games) Wasserman 25 - $6,700"
Billboards - halftime,Broadcast,Halftime show billboards,"1 saved for presenting sponsor Wasserman 25 - $6,700"
Mic Flag,Broadcast,Partner logo on the broadcast mic flag during all local games,Partner logo on mic flag - all local games - home only
Replay Swipe - see presenting platforms,Broadcast,Logo inclusion on the replay swipe during a specific quarter,Rotate throughout the game (min 2 per game). Can package with in-arena as well (30 games). 2-4 per quarter
Live Reads with Banner Graphic,Broadcast,Partner name mentioned & logo inclusion on the banner graphic,"Supporting a campaign (30 games), storm marketing, ticket sales, Storm app, theme game sponsors, contests, CSI read (K4E), other partner programs"
Roster Card Inclusion,,,"Logo inclusion. 2,000 per game/44,000 total 1 side $687 per 4,000 or $1,128 for 2 side"
Roster Card Back Page Ad,,,"Season-long - 2,000 per game/44,000- 1/4 page or 1/2 page if open $8,000 for the season"
Halftime,Fan Experience,Halftime performance,Perform at halftime - 40 people
National Anthem,Fan Experience,National Anthem performance,Sing the anthem - 40 people
50/50 Raffle,Fan Experience,50/50 Raffle during a game to raise funds for a non-profit,Raise funds for a non-profit - 8-16 people to work
Court of Dreams,Fan Experience,Play a basketball game on the Storm court pre-game,Play a bball game on the court pre-game (1-2 hours)
Pre-game warm up watch,Fan Experience,Watch the Storm and opponent warm up,Pre-doors - Sit in the tunnel club and watch warm-ups - 64 total (groups of 16 in 4 clubs)
Community Spotlight,Fan Experience,"Highlight a non-profit during a game, includes a table opportunity",highlight a non-profit + table on the plaza - 4-6 people
Non-Profit of the night,Fan Experience,"Highlight a non-profit during a game, includes a table opportunity and 50/50 fundraising",50/50 + Community Spotlight
Fan Tunnel pre-game,Fan Experience,Stand in the tunnel outside locker room when players run out pre-game,Stand in the tunnel club tunnel outside locker room when players run out - 30 people
Fan Tunnel half-time,Fan Experience,Stand in the tunnel outside locker room when players run out at halftime,Stand in the tunnel club tunnel outside locker room when players run out - 15 people
Post Game Free-Throw,Fan Experience,Free throw on the court after a game,Groups of 20 (40 total) - after post-game photo (30 min to shoot)
Ball Exchange,Fan Experience,"Receive a signed ball from players during Starting Line-ups, up to 11-12 kids","Receive a signed ball from players during Starting Line-ups, up to 11-12 kids"
Honorary Captains,Fan Experience,"Meet team captains before tip-off, picture and autographm up to 4 kids",Meet team captains before tip + picture and autograph - 4 kids
Post Game Photo,Fan Experience,"Group photo on the court post-game, max of 50 guests",Group photo on the court - 50 people max
Autographed Merch - Tier 1,Fan Experience,Autographed merchandise,Authentic Team Ball or Jersey $64 per ball
Autographed Merch - Tier 2,Fan Experience,Autographed merchandise,"Signed Picture, Signed Mini Ball, Pennants, replica jersey $5-$10 per item"
Courtside Seat Row 1 or 2,Tickets & Hospitality,Storm to share location what is available,VIP Row 1 & 2 get Verizon Lounge w/snacks pre and post-game
Courtside Seat Row 3 or 4,Tickets & Hospitality,Storm to share location what is available,VIP Row 3 & 4 - G Verizon pre game and can access WaFd/Symetra Club
Club Level Seats - Lower bowl sidelines,Tickets & Hospitality,Storm to share location what is available,Rows AA- Z- Includes WaFd/Symetra Club
Lower Level Seats (non-club),Tickets & Hospitality,,Low Baseline & Corners as well as Center of 2nd level
Lower Bowl Group Tickets,Tickets & Hospitality,,10+ people starts. Check pricing map
Suite,Tickets & Hospitality,20 tickets + 4 parking passes; Catering is additional and through DNC,(Not including F&B) 20 tickets + 4 parking passes
Courtside Dining,Tickets & Hospitality,1 table for 4 guests and comes with F&B credit each game,Table can be for 2 or 4 seats and comes with F&B credit each game $425 ticket revenue and $125 F & B including gratuity ($100 for F&B $25 for tip)
Cove Corner,Tickets & Hospitality,Cove corner for 20 guests,"20 people facing visiting team bench from the corner - ""Private Area"" in the bowl. 20 people - no parking - in seat service available Price varies by Value/Standard/Marquee"
Moet Lounge Group,Tickets & Hospitality,Moet Lounge space,"Entire space for 250 people, center for 150 people, or wing 50 people"
Space Needle,Tickets & Hospitality,Space Needle pre-game space,"1/2 the Space Needle Club pre-game, min 50 and max 100 capacity."
CPA Garage,Tickets & Hospitality,1 parking spot in the CPA Underground Paraking Garage,"Season rate - $49 per spot per game or $1,127 for the season."
Parking - 1St Ave,Tickets & Hospitality,1 parking spot in the 1st Ave Parking Garage,Season rate - $40 per spot per game or $920 for the season.
Sneakerball Table,Tickets & Hospitality,1 Table to the Sneakerball Gala supporting Kicks for Equality. Table for 4 guests,1 Table to the Sneakerball Gala supporting KFE. Table for 4 guests
Cobranded Signage,Other,Cobranded signage for specific event or promotion; Storm & Partner to determine best option,"Cobranded signage for specific event or promotion. Ex: DJ booth, pop-up banner, backdrop, etc."
Press Release,Other,Press release or media advisory inclusion,"Press release or media advisory inclusion for partner, community or large promotion announcement. Review Announcement Tiers for tips on when to include"
Courtside LED - Entitlement Game,Other,Match up Courtside LED inclusion during Entitlement Game,Match up Courtside LED inclusion during Entitlement Game
Arena LED Signage + Voms - Entitlement Game,Other,Match up Arena & Voms LED inclusion during Entitlement Game,Match up Arena & Voms LED inclusion during Entitlement Game
External Event Tabling,Other,Tabling for Partner at external event,Tabling for Partner at external event. Ex: Bar League Watch Parter
Fundraising,Other,Auction or fundraising opportunity,Auction or fundraising opportunity. Ex: KFE campaign or Toy Drive campaign fundraising
Donation,Other,Partner or Storm donation to campaign,Partner or Storm donation to campaign
Sneakerball Gala,Other,Present the Sneakerball Gala for KFE Game,Present the Sneakerball Gala for KFE Game
Toy Drive Drop Off,Other,Drop off event for the Toy Drive,Drop off event for Toy Drive; may include Players if they are available and/or willing
Giveaways (non-arena),Other,Giveaway opportunity for things like community events,Giveaway opportunity for non-game day events i.e. community events
Giveaways (in-arena),Other,Giveaway opportunity for game day door giveaway,Giveaway opportunity for game day door giveaway
Academy Session,Other,# of StormAcademy session(s),# of StormAcademy sessions
Exclusivity Premium,Other,,Premium added for exclusivity rights for certain assets and/or categories
Transportation,Other,Storm to provide transportation for event,Storm to provide transportation for cobranded event
Lunch,Other,Storm to provide lunch for event,Storm to provide lunch for cobranded event
Score Bug,Other,Score bug logo inclusion on the broadcast as part of the Broadcast Presenting Partnership,Score bug that is included in the Broadcast Presenting Partnership
CPA Endzone Barricade,Other,Logo inclusion on the CPA end-zone barricade,Logo inclusion on the CPA end-zone barricade. To be paired with the Free Throw Line Package
Additional $250k in benefits,Other,,"Add in additional $250,000 in benefits to build out the Training Facility Partner"
